Age,Gender,2024,2023,2022,2021,2020,2019,2018,2017,2016,2015,2014,2013,2012,2011,2010,2009,2008,2007,2006,2005,2004,2003,2002,2001,2000,1999,1998,1997,1996,1995,1994,1993,1992,1991,1990,1989,1988,1987,1986,1985,1984,1983,1982,1981,1980
  10 Year,Male,20657,21640,20575,19210,20378,21059,21768,21206,20870,20726,20604,21581,22109,24812,24463,23625,24989,25482,25957,26309,26726,26671,25944,27437,25957,27778,24966,20899,21509,22109,20762,22135,21656,21430,20863,20387,19357,20744,20227,20699,22283,23986,23220,22914,21189
  11 Year,Male,21809,20933,19458,20103,20993,21770,21160,20876,20710,20576,21509,22071,24762,24314,23618,25174,25555,26004,26358,26760,26662,25803,27509,25981,27832,25008,20985,21621,22194,20808,22211,21721,21523,20989,20582,19449,20836,20247,20772,22352,24051,23267,22939,21271,21656
  12 Year,Male,21048,19766,20367,20646,21678,21205,20826,20745,20560,21482,22048,24685,24310,23541,25138,25776,26119,26344,26790,26723,25787,27278,26020,27826,25037,21032,21712,22266,20870,22254,21785,21592,21057,20686,19665,20925,20271,20843,22412,24106,23318,22958,21348,21686,23387
  13 Year,Male,19935,20677,20985,21349,21093,20900,20703,20596,21467,22032,24629,24202,23510,25073,25757,26303,26512,26820,26759,25846,27268,25873,27871,25136,21062,21743,22349,20911,22310,21831,21646,21090,20744,19738,21119,20291,20918,22474,24162,23362,22975,21420,21718,23401,24315
  14 Year,Male,20803,21319,21681,20804,20825,20727,20569,21462,21982,24585,24169,23461,25006,25698,26295,26653,26953,26755,25884,27321,25881,27787,25158,21075,21751,22375,20965,22359,21873,21668,21104,20763,19760,21191,20425,20984,22533,24211,23391,22975,21476,21733,23399,24311,26294
  15 Year,Male,21432,22002,21257,20518,20667,20711,21533,22084,24626,24200,23479,24969,25687,26244,26666,27064,26969,25893,27358,25919,27798,25068,21114,21777,22383,20984,22396,21908,21689,21107,20791,19759,21225,20459,21151,22588,24257,23412,22967,21524,21739,23379,24301,26245,26571
  16 Year,Male,22019,21388,20883,20355,20550,21541,22039,24608,24176,23429,24927,25590,26170,26592,27044,27007,25989,27286,25894,27772,24948,20967,21783,22299,20951,22377,21914,21685,21090,20770,19743,21220,20439,21169,22836,24289,23431,22961,21560,21741,23369,24285,26204,26527,28089
  17 Year,Male,21457,21100,20743,20296,21561,22123,24666,24225,23474,24958,25560,26079,26520,26940,26950,26047,27381,25853,27719,24892,20857,21616,22221,20936,22290,21875,21643,21049,20741,19694,21201,20397,21126,22798,24523,23430,22931,21593,21729,23338,24250,26139,26467,28030,27704
  18 Year,Male,21260,21008,20798,21524,22206,24821,24273,23544,24996,25600,26057,26473,26869,26880,25953,27393,25951,27673,24862,20814,21511,21984,20844,22184,21806,21590,20985,20698,19658,21177,20371,21090,22719,24465,23613,22894,21618,21717,23299,24220,26074,26392,27960,27644,27984
  19 Year,Male,21094,20963,21840,22234,24884,24359,23591,25039,25639,26100,26491,26878,26860,25923,27390,25943,27710,24877,20816,21496,21957,20701,22138,21732,21572,20952,20689,19662,21203,20374,21081,22710,24431,23598,23091,21648,21706,23276,24178,26007,26323,27896,27579,27929,28902
  20 Year,Male,20986,21871,22347,24865,24372,23578,25030,25624,26104,26499,26872,26813,25909,27378,25950,27796,24936,20900,21589,22005,20597,21768,21776,21546,21007,20728,19745,21356,20524,21201,22855,24612,23757,23255,22022,21737,23248,24153,25948,26260,27835,27517,27888,28865,29176
  21 Year,Male,21782,22316,24814,24228,23519,24969,25563,26019,26447,26803,26746,25847,27327,25891,27820,25108,21041,21729,22186,20820,21811,21257,21701,21147,20862,19909,21500,20656,21442,23065,24816,23989,23513,22284,22313,23278,24152,25900,26212,27792,27480,27871,28838,29157,28807
  22 Year,Male,22250,24785,24203,23218,24909,25516,25969,26359,26690,26694,25775,27250,25860,27748,25289,21350,21958,22451,21163,22462,21764,21227,21518,21127,20256,21830,20903,21731,23418,25122,24313,23892,22625,22627,24199,24204,25920,26192,27744,27451,27849,28831,29164,28841,27995
  23 Year,Male,24856,24315,23343,24636,25570,26059,26395,26791,26748,25855,27314,25951,27917,25366,21720,22617,22964,21734,23038,22575,21859,21366,21763,20702,22319,21329,22147,23772,25539,24714,24258,23076,23055,24714,25476,26090,26346,27822,27517,27965,28946,29282,29014,28201,27652
  24 Year,Male,24541,23610,24915,25362,26247,26642,26999,27032,26057,27642,26195,28173,25662,21862,23163,24078,22569,23788,23291,22747,22125,21790,21506,22914,21805,22635,24241,26061,25207,24691,23469,23545,25267,25945,27591,26662,28065,27649,28089,29118,29468,29247,28471,27992,26238
  25 Year,Male,24021,25438,25918,26264,27041,27479,27500,26612,28068,26759,28723,26183,22223,23331,24663,23918,24652,24124,23380,22813,22439,21687,23790,22475,23037,24737,26544,25690,25203,23871,23885,25738,26372,28039,28144,28411,27999,28296,29306,29710,29546,28802,28423,26725,25572
  26 Year,Male,25973,26601,27054,27118,28034,28053,27211,28767,27261,29430,26697,22733,23713,24773,24398,26166,25150,24225,23475,23004,22111,23840,23283,23629,25086,26981,26194,25700,24359,24281,26062,26695,28423,28543,29623,28247,28601,29491,29876,29789,29065,28770,27129,26019,25305
  27 Year,Male,27156,27776,28001,28203,28546,27839,29436,27937,29950,27367,23194,24185,25080,24526,26670,27022,25370,24376,23752,22702,24313,23427,24365,25592,27291,26647,26236,24895,24762,26441,26966,28771,28880,29987,29328,28813,29687,29979,29901,29219,28988,27400,26322,25668,23551
  28 Year,Male,28354,28791,29150,28639,28293,30040,28488,30658,27847,23744,24652,25601,24896,26750,27664,27319,25610,24770,23456,25024,23847,24582,26346,27700,26917,26694,25446,25283,26933,27287,29074,29160,30311,29672,29846,29850,30098,29999,29311,29141,27604,26545,25957,23870,22306
  29 Year,Male,29334,29905,29604,28324,30468,29054,31123,28453,24117,25204,26038,25311,27144,27752,27904,27597,25973,24496,25913,24688,25027,26439,28471,27365,26954,25908,25842,27453,27716,29429,29464,30632,30000,30163,30810,30196,30124,29390,29249,27774,26731,26199,24122,22583,21293
  30 Year,Male,30394,30391,29251,30412,29386,31696,28856,24551,25567,26420,25604,27547,28045,27958,28096,27754,25694,26994,25555,25970,26889,28470,28078,27361,26156,26244,27919,28178,29906,29802,30884,30329,30408,31047,31076,30248,29479,29356,27886,26885,26414,24333,22817,21531,21813
  31 Year,Male,30839,29956,31339,29242,31911,29276,24870,26016,26758,25903,27854,28368,28202,28098,28292,27230,27949,26494,26769,27736,28925,28007,28003,26469,26489,28331,28654,30356,30281,31259,30621,30650,31255,31284,31149,29543,29495,28012,27005,26604,24548,23025,21750,22002,21527
  32 Year,Male,30392,32006,30075,31649,29506,25195,26276,27010,26120,28128,28551,28435,28211,28308,27706,29527,27296,27630,28502,29694,28428,27899,27013,26708,28518,29052,30842,30679,31684,30928,30869,31407,31465,31375,30303,29654,28164,27132,26753,24751,23219,21950,22171,21681,20206
  33 Year,Male,32410,30761,32586,29190,25470,26555,27227,26336,28263,28777,28524,28327,28425,27685,29953,28629,28364,29229,30443,29125,28213,26885,27192,28905,29256,31191,31121,32061,31323,31138,31590,31571,31544,30487,30436,28329,27265,26906,24920,23382,22130,22318,21804,20351,20293
  34 Year,Male,31147,33326,30017,25188,26749,27486,26546,28465,28888,28619,28421,28585,27803,29898,29001,29536,29841,31144,29762,28939,27193,27032,29293,29521,31408,31494,32512,31678,31412,31780,31720,31651,30625,30634,29169,27445,27082,25088,23535,22281,22442,21895,20491,20447,13978
  35 Year,Male,33627,30657,25927,26466,27649,26749,28561,28999,28673,28499,28608,27833,29941,29013,29777,30825,31610,30351,29461,27676,27296,29071,29842,31645,31684,32800,32054,31641,31989,31862,31772,30771,30749,29341,28180,27247,25286,23690,22437,22572,22003,20623,20604,14099,10995
  36 Year,Male,30959,26615,27197,27346,26862,28721,29075,28731,28562,28669,27846,29980,28963,29723,31021,32512,30775,29942,28073,27699,29227,29560,31969,31790,32980,32334,31889,32176,32076,31894,30855,30870,29439,28351,27963,25472,23865,22589,22663,22097,20730,20732,14205,11084,13392
  37 Year,Male,27008,27828,28099,26516,28801,29210,28760,28594,28618,27852,29923,28911,29739,30995,32659,31643,30251,28458,28125,29595,29753,31653,32046,33252,32543,32098,32382,32204,32051,30998,30982,29539,28450,28158,26143,24038,22754,22765,22152,20820,20853,14289,11160,13500,11753
  38 Year,Male,28140,28700,27154,28333,29222,28825,28636,28646,27826,29912,28868,29721,31030,32622,31805,30877,28685,28459,29930,30052,31841,31677,33450,32667,32227,32516,32370,32165,31199,31054,29616,28535,28221,26325,24683,22909,22874,22216,20895,20959,14363,11214,13596,11854,12096
  39 Year,Male,29058,27780,29018,28684,28823,28613,28629,27806,29874,28863,29714,30963,32579,31744,31056,29252,28590,30190,30295,32095,31762,33002,32822,32309,32603,32439,32305,31330,31152,29688,28583,28279,26419,24841,23454,22988,22289,20969,21040,14412,11268,13689,11927,12181,14081
  40 Year,Male,28068,29625,29319,28224,28607,28648,27770,29754,28805,29586,30933,32468,31665,30940,29376,29031,30336,30444,32296,31951,33077,32351,32439,32605,32477,32380,31422,31224,29778,28616,28331,26488,24930,23596,23574,22364,21044,21113,14448,11295,13757,11989,12242,14155,14447
  41 Year,Male,29850,29878,28860,27997,28553,27776,29695,28724,29496,30801,32388,31602,30796,29260,29161,30737,30532,32453,32124,33180,32425,31971,32709,32634,32396,31533,31296,29805,28706,28376,26528,24969,23654,23708,22820,21102,21180,14472,11295,13812,12022,12277,14195,14466,13902
  42 Year,Male,30027,29357,28537,27882,27655,29618,28645,29404,30730,32276,31467,30747,29197,29074,30828,30797,32467,32254,33289,32564,31985,32267,32707,32436,31588,31357,29837,28707,28439,26578,25001,23696,23756,22930,21588,21248,14506,11294,13842,12045,12310,14231,14481,13913,11709
  43 Year,Male,29416,28990,28415,26961,29517,28611,29321,30624,32220,31312,30610,29065,28952,30709,30862,32708,32264,33367,32649,32032,32263,32255,32470,31591,31366,29843,28719,28477,26613,25011,23712,23784,22993,21694,21682,14524,11282,13865,12058,12323,14254,14487,13897,11700,10671
  44 Year,Male,29043,28827,27443,28750,28469,29216,30543,32135,31215,30485,28922,28809,30603,30695,32768,32491,33397,32711,32141,32270,32231,32045,31584,31307,29813,28748,28518,26631,24999,23752,23785,22977,21755,21744,14788,11264,13898,12078,12334,14257,14482,13872,11686,10620,11404
  45 Year,Male,28884,27890,29257,27737,29046,30432,32084,31129,30367,28813,28633,30436,30577,32636,32495,33558,32701,32139,32319,32225,32017,31144,31307,29879,28713,28525,26656,24998,23750,23815,23040,21771,21773,14842,11455,13923,12081,12330,14257,14459,13837,11654,10570,11334,11485
  46 Year,Male,27871,29620,28225,28292,30290,31974,30988,30289,28701,28518,30222,30433,32501,32376,33550,32850,32036,32351,32224,31980,31123,30841,29852,28723,28489,26658,24979,23756,23787,23037,21773,21764,14852,11526,14172,12096,12344,14258,14427,13785,11629,10499,11231,11489,10173
  47 Year,Male,29615,28545,28703,29440,31778,30871,30151,28568,28401,30124,30315,32326,32297,33407,32839,32091,32253,32164,31974,31107,30821,29483,28673,28457,26635,24981,23750,23764,23014,21744,21731,14834,11536,14195,12264,12355,14265,14389,13735,11586,10420,11124,11490,10209,10472
  48 Year,Male,28515,29066,29839,30939,30692,30059,28458,28274,29983,30181,32136,32078,33249,32679,32082,32292,32093,31890,31072,30685,29404,28319,28423,26534,24921,23726,23765,22992,21711,21678,14835,11522,14183,12277,12505,14243,14353,13692,11535,10320,11008,11484,10235,10450,9944
  49 Year,Male,28980,30176,31335,29794,29884,28301,28130,29835,30065,31971,31888,33039,32498,31904,32271,32114,31766,31049,30657,29346,28244,28044,26472,24943,23687,23748,22990,21687,21644,14804,11520,14149,12269,12513,14396,14294,13646,11483,10229,10873,11482,10262,10416,9914,10043
  50 Year,Male,30072,31649,30128,28957,28081,27946,29677,29864,31802,31696,32829,32267,31745,32106,31971,31693,30884,30553,29302,28164,27954,25697,24884,23598,23668,22941,21612,21592,14760,11510,14101,12260,12486,14370,14410,13551,11425,10106,10734,11443,10263,10353,9848,9966,10258
  51 Year,Male,31579,30407,29317,27228,27771,29527,29673,31585,31483,32617,32016,31502,31862,31798,31522,30842,30434,29256,28089,27806,25674,24102,23515,23583,22853,21544,21515,14713,11462,14039,12221,12451,14308,14376,13602,11351,9991,10614,11407,10256,10301,9785,9889,10174,9896
  52 Year,Male,30328,29608,27474,26911,29321,29511,31422,31323,32409,31794,31288,31620,31582,31367,30514,30300,29133,27973,27712,25592,24084,22787,23486,22671,21415,21413,14652,11416,13981,12192,12385,14245,14289,13543,11376,9867,10471,11363,10258,10243,9754,9824,10113,9822,9354
  53 Year,Male,29465,27714,27168,28421,29273,31198,31155,32209,31594,31104,31425,31407,31216,30316,29981,29041,27832,27595,25541,23990,22742,22794,22547,21389,21323,14574,11362,13897,12119,12310,14155,14210,13483,11334,9836,10350,11322,10260,10174,9701,9752,10017,9732,9301,8843
  54 Year,Male,27622,27382,28648,28391,30937,30939,31981,31405,30914,31254,31176,30993,30156,29837,28733,27728,27430,25429,23899,22627,22729,21977,21287,21182,14507,11300,13793,12056,12224,14079,14127,13418,11262,9786,10298,11272,10241,10089,9654,9655,9911,9639,9219,8789,8185
  55 Year,Male,27279,28909,28624,29933,30692,31764,31162,30704,31119,30964,30810,29962,29677,28550,27385,27356,25349,23809,22586,22624,21900,20683,21036,14384,11228,13708,11982,12115,13998,14001,13338,11199,9723,10200,11292,10193,9993,9597,9550,9787,9543,9115,8717,8105,7814
  56 Year,Male,28736,28817,30186,29665,31455,30941,30514,30880,30740,30606,29776,29456,28337,27206,27062,25245,23624,22477,22497,21768,20607,20428,14264,11099,13591,11900,12014,13891,13872,13218,11131,9647,10148,11204,10237,9903,9512,9447,9662,9437,9025,8641,8005,7728,7367
  57 Year,Male,28618,30436,29864,30441,30653,30281,30680,30493,30344,29561,29229,28128,27004,26895,25065,23521,22288,22410,21641,20470,20315,13766,11018,13531,11828,11897,13792,13765,13110,11029,9563,10029,11069,10127,9874,9419,9348,9532,9287,8896,8567,7905,7645,7287,7157
  58 Year,Male,30221,30028,30595,29644,30001,30461,30247,30149,29318,29011,27938,26777,26667,24878,23340,22173,22284,21496,20293,20144,13698,10637,13390,11714,11772,13648,13615,12988,10910,9482,9944,10963,10010,9745,9366,9229,9387,9156,8786,8457,7798,7565,7194,7054,6769
  59 Year,Male,29806,30791,29777,29147,30159,30030,29925,29094,28794,27718,26563,26490,24694,23188,21970,22153,21333,20144,19998,13570,10579,12934,11613,11630,13515,13436,12846,10799,9358,9830,10841,9898,9630,9254,9141,9242,9013,8673,8355,7669,7434,7070,6951,6681,6699
  60 Year,Male,30567,29972,29264,29265,29733,29703,28873,28539,27430,26319,26243,24469,22976,21803,21947,21211,19986,19878,13455,10458,12867,11160,11482,13326,13262,12698,10674,9253,9695,10712,9774,9504,9168,9001,9147,8845,8535,8228,7566,7317,6953,6819,6581,6560,6650
  61 Year,Male,29758,29321,29334,28835,29371,28616,28294,27203,26060,26022,24241,22770,21605,21737,20985,19849,19684,13321,10397,12740,11096,11061,13130,13116,12526,10540,9123,9554,10557,9625,9382,9012,8811,8987,8703,8378,8130,7455,7177,6836,6700,6496,6435,6501,6111
  62 Year,Male,29113,29410,28929,28494,28318,28043,26993,25817,25795,24036,22527,21409,21511,20805,19654,19505,13173,10310,12624,10996,10932,12583,12932,12335,10382,8985,9382,10407,9475,9219,8869,8650,8843,8529,8261,8006,7320,7050,6718,6560,6395,6292,6327,5957,5870
  63 Year,Male,29140,28905,28494,27437,27686,26689,25534,25539,23779,22315,21172,21258,20580,19408,19285,13074,10151,12467,10855,10805,12471,12390,12171,10229,8840,9209,10241,9302,9082,8716,8496,8666,8378,8105,7920,7175,6916,6590,6427,6263,6125,6143,5795,5708,5495
  64 Year,Male,28644,28475,27416,26858,26363,25273,25234,23491,22066,20968,21034,20335,19109,19046,12925,10070,12262,10706,10650,12288,12257,11654,10054,8684,9013,10067,9142,8893,8556,8335,8505,8208,7910,7754,7064,6763,6453,6281,6143,5974,5945,5623,5554,5345,5036
  65 Year,Male,28220,27377,26842,25533,24940,24947,23239,21797,20715,20764,20054,18864,18794,12765,9903,12130,10560,10484,12112,12051,11470,9657,8511,8845,9870,8965,8736,8397,8158,8323,8023,7722,7567,6917,6634,6298,6138,6047,5793,5775,5437,5387,5177,4885,5062
  66 Year,Male,27029,26732,25505,24139,24584,22979,21507,20416,20457,19769,18607,18502,12539,9777,11963,10411,10299,11920,11835,11290,9469,8148,8666,9652,8791,8560,8234,7964,8112,7839,7512,7377,6739,6458,6186,5973,5918,5626,5605,5259,5208,5030,4708,4884,4645
  67 Year,Male,26391,25394,24049,23823,22604,21232,20165,20171,19531,18316,18216,12349,9606,11767,10261,10136,11693,11624,11100,9264,7997,8239,9416,8570,8366,8038,7734,7895,7644,7292,7165,6555,6303,6010,5830,5782,5422,5427,5088,5027,4893,4551,4694,4480,4742
  68 Year,Male,25042,23934,23720,21871,20915,19902,19908,19228,18030,17938,12124,9436,11570,10065,9940,11509,11393,10878,9082,7787,8075,8968,8339,8109,7843,7520,7654,7440,7084,6938,6403,6141,5808,5612,5687,5231,5231,4901,4840,4741,4378,4512,4314,4525,4561
  69 Year,Male,23550,23455,21699,20229,19566,19595,18939,17739,17616,11910,9284,11374,9863,9741,11254,11164,10615,8867,7591,7878,8764,7880,7832,7629,7283,7402,7198,6881,6738,6210,5942,5621,5376,5431,5054,5021,4701,4668,4574,4212,4314,4154,4322,4369,4367
  70 Year,Male,23047,21506,20053,18868,19220,18654,17422,17246,11696,9093,11120,9631,9484,10984,10921,10408,8666,7425,7671,8486,7657,7320,7397,7030,7151,6970,6659,6535,6022,5736,5415,5155,5180,4808,4815,4470,4480,4411,4073,4140,3977,4121,4169,4145,3897
  71 Year,Male,21092,19780,18694,18538,18289,17051,16911,11444,8889,10889,9411,9268,10729,10660,10131,8476,7246,7466,8255,7433,7085,6855,6781,6892,6796,6406,6328,5834,5510,5207,4910,4926,4583,4580,4301,4285,4241,3918,3925,3823,3945,3980,3925,3693,3325
  72 Year,Male,19427,18467,18302,17574,16677,16493,11169,8664,10636,9182,9017,10427,10368,9837,8257,7047,7227,7988,7209,6831,6666,6242,6615,6516,6166,6093,5596,5306,4962,4659,4671,4336,4346,4083,4114,4048,3761,3742,3646,3741,3788,3697,3466,3142,3161
  73 Year,Male,18051,18089,17307,15936,16087,10866,8427,10394,8973,8767,10137,10077,9551,8024,6822,6982,7700,6942,6594,6401,6026,6004,6210,5889,5881,5355,5099,4735,4379,4403,4091,4099,3839,3880,3875,3597,3547,3485,3566,3600,3501,3247,2964,2959,2597
  74 Year,Male,17641,17007,15682,15421,10546,8170,10100,8715,8497,9848,9753,9260,7758,6630,6756,7444,6669,6363,6141,5756,5715,5634,5618,5584,5128,4868,4506,4113,4120,3845,3850,3606,3631,3662,3408,3360,3310,3353,3388,3293,3038,2769,2748,2447,2227
  75 Year,Male,16584,15348,15073,10039,7909,9806,8472,8214,9545,9413,8949,7510,6390,6528,7123,6416,6113,5886,5522,5467,5316,4575,5290,4874,4647,4279,3840,3813,3582,3564,3370,3384,3421,3211,3158,na,na,na,na,na,na,na,na,na,2025
  76 Year,Male,14884,14714,9814,7550,9487,8218,7915,9232,9088,8599,7255,6172,6295,6809,6104,5850,5590,5279,5202,5057,4458,4191,4627,4374,4041,3577,3538,3361,3292,3136,3175,3165,2994,2923,2964,na,na,na,na,na,na,na,na,na,1672
  77 Year,Male,14240,9564,7347,9039,7900,7659,8919,8731,8288,6994,5900,6023,6524,5806,5558,5317,4999,4906,4800,4242,4078,3509,4118,3796,3304,3274,3129,3033,2873,2934,2941,2745,2711,2736,2764,na,na,na,na,na,na,na,na,na,1583
  78 Year,Male,9236,7098,8745,7467,7322,8537,8366,7974,6674,5668,5779,6217,5533,5275,5005,4763,4641,4526,4032,3833,3411,3087,3544,3114,3005,2876,2783,2627,2698,2671,2522,2502,2516,2561,2678,na,na,na,na,na,na,na,na,na,1347
  79 Year,Male,6764,8442,7224,6901,8155,7981,7616,6373,5381,5452,5870,5242,4973,4705,4424,4399,4246,3773,3623,3213,3007,2750,2914,2817,2607,2555,2417,2463,2430,2321,2287,2296,2345,2448,2335,na,na,na,na,na,na,na,na,na,1123
  80 Year,Male,8053,6905,6566,7652,7549,7281,6065,5113,5169,5542,4922,4704,4443,4161,4065,3975,3510,3355,2988,2818,2649,2610,2633,2396,2311,2183,2235,2188,2114,2092,2077,2137,2202,2099,1969,na,na,na,na,na,na,na,na,na,930
  81 Year,Male,6523,6239,7278,7034,6835,5722,4811,4874,5236,4637,4394,4156,3889,3788,3635,3303,3130,2758,2594,2472,2421,2334,2207,2128,1930,2012,1939,1889,1851,1873,1929,2002,1877,1783,1579,na,na,na,na,na,na,na,na,na,620
  82 Year,Male,5860,6830,6643,6369,5348,4533,4603,4904,4340,4075,3875,3611,3530,3370,3014,2914,2565,2365,2262,2207,2141,1964,1976,1779,1793,1731,1699,1642,1657,1732,1790,1693,1593,1425,1462,na,na,na,na,na,na,na,na,na,535
  83 Year,Male,6399,6196,5916,4955,4204,4293,4576,4016,3813,3601,3335,3250,3093,2778,2686,2346,2150,2050,2006,1939,1800,1705,1626,1632,1538,1485,1463,1463,1551,1585,1517,1436,1245,1296,1161,na,na,na,na,na,na,na,na,na,432
  84 Year,Male,5757,5481,4616,3876,3950,4248,3724,3493,3326,3077,2989,2851,2541,2461,2132,1980,1845,1784,1751,1610,1551,1405,1487,1374,1300,1301,1277,1359,1388,1328,1253,1107,1159,1028,857,na,na,na,na,na,na,na,na,na,318
  10 Year,Female,19898,20310,19759,18303,19776,20256,21144,20274,20208,20087,19784,20943,21048,23393,23002,22154,23875,23963,24505,24550,25323,24778,25101,25665,24241,26104,23438,19471,19820,20626,19312,20382,19817,20141,19239,19029,18172,19286,18898,19203,20937,22403,21624,21473,19909
  11 Year,Female,20465,20166,18625,19382,20156,21211,20246,20249,20100,19740,20882,20969,23369,22942,22203,24162,24120,24524,24675,25451,24790,24977,25729,24272,26164,23496,19578,19914,20708,19371,20442,19879,20218,19341,19274,18266,19380,18925,19259,21022,22464,21654,21465,19931,20840
  12 Year,Female,20292,18992,19732,19737,21139,20305,20234,20121,19764,20878,20961,23331,22926,22175,24226,24412,24769,24776,25526,24863,24999,25536,24345,26195,23535,19638,19987,20832,19432,20500,19954,20285,19415,19352,18494,19473,18954,19315,21100,22523,21680,21450,19951,20820,21974
  13 Year,Female,19182,20151,20102,20697,20180,20333,20105,19824,20906,20961,23326,22896,22160,24154,24459,25103,25037,25617,24871,25080,25590,24238,26282,23674,19679,20050,20912,19490,20548,20013,20352,19431,19404,18551,19679,18976,19370,21175,22575,21707,21435,19959,20798,21975,23396
  14 Year,Female,20302,20505,21095,19762,20175,20160,19775,20900,20928,23321,22884,22105,24120,24434,25141,25266,25867,25007,25157,25650,24257,26183,23733,19711,20094,20966,19551,20626,20059,20405,19463,19421,18575,19735,19136,19425,21257,22626,21722,21417,19969,20776,21983,23392,25186
  15 Year,Female,20649,21562,20203,19762,20108,19958,20946,21016,23399,22981,22150,24158,24497,25195,25360,26139,25372,25301,25787,24361,26216,23598,19779,20209,21011,19581,20689,20134,20448,19494,19438,18570,19765,19169,19611,21332,22672,21733,21383,19965,20739,21964,23365,25177,25126
  16 Year,Female,21593,20554,20225,19599,19817,21016,20975,23380,22948,22118,24066,24412,25137,25347,26188,25606,25626,25855,24400,26247,23573,19656,20252,20956,19598,20729,20197,20492,19499,19468,18565,19761,19180,19631,21550,22728,21739,21354,19964,20699,21950,23343,25179,25125,26678
  17 Year,Female,20495,20470,20006,19268,20851,21005,23320,22919,22093,24047,24344,25079,25310,26113,25632,25822,26176,24453,26324,23588,19631,20085,20980,19695,20737,20235,20541,19524,19481,18558,19763,19174,19629,21553,23007,21748,21324,19961,20656,21938,23316,25173,25128,26667,26346
  18 Year,Female,20550,20389,19755,20544,21026,23520,22985,22119,24071,24387,25055,25279,26125,25631,25925,26573,24795,26386,23652,19664,20095,20833,19737,20781,20276,20590,19573,19530,18569,19815,19228,19657,21596,23064,22070,21295,19971,20616,21925,23288,25172,25126,26661,26328,26294
  19 Year,Female,20518,20143,21039,20813,23564,23168,22192,24039,24349,25082,25208,26149,25686,25873,26642,25181,26887,23721,19735,20168,20831,19566,20839,20334,20662,19689,19655,18746,20001,19443,19822,21748,23221,22252,21853,19996,20592,21917,23275,25178,25151,26674,26330,26339,26842
  20 Year,Female,20216,21289,21099,23098,23120,22302,24155,24358,25007,25184,26080,25792,25985,26580,25343,27288,24166,19897,20370,20960,19632,20710,20535,20791,19953,19978,19088,20368,19784,20228,22077,23603,22647,22265,20911,20605,21948,23271,25198,25193,26712,26365,26421,26922,27011
  21 Year,Female,21301,21310,23356,22527,22221,24172,24398,24983,25205,26122,25748,25997,26747,25365,27513,24705,20382,20732,21395,20008,20974,20600,21353,20424,20441,19623,20944,20346,20893,22737,24278,23473,23111,21636,21685,22063,23342,25249,25255,26790,26443,26545,27062,27158,27007
  22 Year,Female,21300,23670,22835,21616,24193,24497,25018,25175,26062,25751,25971,26761,25461,27517,25091,21206,21394,21879,20657,21691,21202,21729,21261,21112,20276,21758,21059,21577,23404,25057,24187,23991,22491,22509,23196,23447,25352,25310,26840,26526,26662,27170,27318,27191,26515
  23 Year,Female,23835,23286,22044,23702,24640,25374,25363,26265,25925,26158,26902,25834,27839,25225,21826,22671,23007,21529,22578,22182,22513,21898,22319,21180,22605,21930,22402,24232,25786,25017,24793,23387,23415,24001,24675,25591,25575,27002,26671,26914,27418,27600,27528,26878,26452
  24 Year,Female,23577,22614,24347,24468,25746,25970,26626,26466,26609,27419,26315,28471,25799,22137,23475,24934,22968,23846,23364,23501,22740,23067,22581,23693,22712,23312,25232,26665,25766,25595,24207,24301,24924,25424,26919,25883,27327,26869,27128,27678,27884,27860,27276,26875,25325
  25 Year,Female,23057,25073,25338,25684,26485,27369,27102,27374,28120,27054,29293,26607,22955,23797,25785,25271,25588,24843,24704,23846,23955,23390,25267,23915,24084,26100,27646,26631,26347,24943,25086,25711,26173,27639,27080,27681,27200,27369,27897,28168,28164,27637,27305,25803,24853
  26 Year,Female,25736,26304,26880,26674,28135,27905,28134,29120,27770,30287,27504,23838,24585,26168,26120,28129,26379,26161,25136,25043,24208,25977,25329,25180,26816,28470,27488,27208,25653,25764,26420,26818,28353,27736,28888,27485,27662,28090,28350,28397,27922,27621,26213,25293,24064
  27 Year,Female,27057,27933,28041,28344,28589,29101,29938,28845,31162,28536,24690,25439,26990,26348,28921,28943,27702,26471,26307,25308,26866,25893,26353,27679,29092,28178,28016,26404,26468,27075,27427,28960,28372,29414,28686,27934,28320,28493,28542,28116,27858,26511,25642,24432,22827
  28 Year,Female,28844,29189,29752,28875,29881,30881,29604,32185,29348,25596,26224,27914,27184,29162,29807,29991,27869,27582,26454,27914,26590,26722,28756,29798,28699,28718,27166,27233,27653,27937,29480,28901,29946,29192,29005,28499,28651,28655,28216,28031,26725,25898,24714,23147,22018
  29 Year,Female,30004,30879,30344,29912,31525,30473,33095,30247,26345,27053,28644,27804,29812,29999,30707,29952,28821,27475,29082,27457,27357,28921,30760,29421,29185,27784,27938,28273,28387,29984,29402,30404,29660,29455,29530,28847,28797,28321,28143,26899,26105,24943,23423,22305,21006
  30 Year,Female,31712,31463,31245,31454,30952,33841,30894,27058,27637,29297,28329,30437,30609,30851,30618,30738,28424,29996,28360,28166,29453,30741,30251,29687,28170,28478,28882,28911,30395,29846,30830,30099,29864,29934,29683,28923,28480,28249,27038,26304,25163,23680,22586,21280,21554
  31 Year,Female,32259,32400,32860,30760,34265,31448,27589,28212,29772,28859,30845,31006,31248,30697,31194,29921,30667,29051,29005,30124,31179,30188,30340,28557,28823,29277,29439,30851,30228,31224,30493,30248,30308,30043,29762,28588,28391,27165,26432,25336,23870,22793,21492,21752,21136
  32 Year,Female,33001,33923,32032,33807,31821,27987,28672,30218,29186,31250,31264,31476,30935,31240,30361,32003,29574,29658,30880,31736,30583,30103,29100,29125,29600,29827,31293,30624,31589,30833,30584,30615,30344,30093,29310,28517,27315,26559,25472,24043,22977,21674,21931,21309,19996
  33 Year,Female,34655,33143,35090,31369,28380,29048,30582,29613,31548,31551,31653,31066,31438,30387,32421,30761,30177,31499,32351,31071,30470,28836,29532,30023,30077,31599,31079,31967,31155,30860,30911,30605,30330,29615,29264,27458,26687,25579,24162,23118,21802,22057,21428,20163,20118
  34 Year,Female,33677,36258,32658,27989,29358,30914,29885,31861,31805,31815,31242,31623,30480,32433,31045,31141,31831,32758,31624,30853,29156,29143,30382,30334,31793,31374,32364,31467,31119,31157,30833,30556,29887,29510,28171,26826,25674,24276,23208,21902,22157,21502,20285,20262,13629
  35 Year,Female,36846,33688,29098,28934,31053,30156,32107,32048,32002,31400,31728,30466,32513,31075,31392,32579,32996,31997,31255,29461,29372,29876,30630,32054,31572,32610,31812,31374,31372,31053,30761,30085,29739,28448,27463,25799,24403,23315,21991,22244,21571,20412,20397,13726,10964
  36 Year,Female,34287,30073,29985,30410,30257,32276,32191,32133,31482,31816,30485,32530,31098,31346,32902,33797,32162,31602,29855,29684,30124,30132,32325,31684,32774,32055,31637,31609,31225,30953,30284,29949,28660,27672,26354,24531,23423,22075,22329,21629,20517,20520,13818,11035,13336
  37 Year,Female,30581,30897,31471,29612,32318,32306,32265,31549,31904,30507,32496,31083,31446,32844,33975,32809,31698,30122,29956,30305,30267,31786,31876,33021,32213,31818,31790,31380,31113,30483,30132,28845,27849,26579,25042,23536,22169,22393,21665,20600,20628,13881,11097,13437,11627
  38 Year,Female,31296,32357,30579,31523,32272,32334,31607,31891,30590,32531,31063,31314,32783,33900,32991,32291,30255,30152,30545,30497,31871,31303,33218,32402,31954,31949,31547,31261,30655,30303,29024,28012,26764,25243,24052,22243,22454,21704,20675,20723,13925,11124,13516,11680,12146
  39 Year,Female,32773,31442,32453,31397,32258,31628,31889,30559,32467,31018,31298,32702,33878,32899,32446,30726,30221,30700,30708,32089,31395,32583,32575,32054,32071,31671,31421,30805,30434,29149,28124,26894,25398,24233,22659,22506,21734,20740,20792,13962,11138,13567,11726,12195,14306
  40 Year,Female,31798,33333,32321,31272,31473,31861,30564,32497,31005,31247,32685,33797,32913,32350,30818,30667,30739,30798,32222,31581,32682,31963,32162,32057,31743,31502,30943,30566,29242,28238,27001,25516,24330,22762,22915,21767,20811,20851,13984,11146,13617,11766,12230,14337,14668
  41 Year,Female,33599,33150,32089,30572,31674,30558,32419,30999,31169,32682,33674,32820,32375,30720,30760,31066,30764,32238,31690,32746,32005,31536,32129,31879,31573,31053,30715,29336,28330,27127,25607,24426,22858,23034,22076,20879,20922,14007,11142,13661,11782,12245,14354,14655,14335
  42 Year,Female,33360,32897,31347,30698,30438,32350,31005,31187,32637,33626,32717,32246,30661,30704,31227,31037,32286,31752,32865,32110,31564,31476,31928,31613,31133,30773,29425,28409,27221,25670,24512,22923,23150,22182,21185,20997,14008,11119,13673,11787,12253,14342,14623,14306,11447
  43 Year,Female,33049,32002,31446,29373,32143,31009,31128,32594,33593,32630,32201,30538,30649,31127,31084,32534,31745,32867,32121,31565,31455,31347,31627,31138,30819,29477,28518,27293,25739,24567,22991,23231,22245,21263,21264,14021,11120,13707,11798,12257,14339,14598,14280,11436,10281
  44 Year,Female,32049,32114,30094,31041,30762,31116,32550,33566,32575,32110,30426,30489,31012,31035,32557,31915,32833,32165,31620,31473,31370,31071,31108,30736,29512,28574,27362,25810,24620,23062,23314,22307,21331,21297,14171,11101,13730,11800,12265,14338,14563,14233,11418,10197,11225
  45 Year,Female,32257,30672,31708,29815,30879,32464,33486,32539,32120,30334,30422,30874,30928,32529,31953,33044,32106,31569,31500,31387,31078,30577,30758,29587,28604,27412,25885,24662,23107,23359,22364,21377,21331,14240,11211,13742,11789,12262,14320,14513,14184,11382,10110,11088,11496
  46 Year,Female,30795,32318,30414,29811,32237,33391,32418,32035,30291,30299,30751,30763,32369,31868,33046,32216,31531,31509,31376,31085,30559,30258,29579,28555,27416,25907,24708,23143,23416,22414,21418,21370,14292,11259,13873,11789,12250,14311,14463,14138,11359,10024,10961,11531,10275
  47 Year,Female,32341,30952,30414,31187,33183,32315,31946,30176,30193,30675,30644,32227,31749,32952,32248,31595,31446,31360,31069,30532,30232,29134,28538,27381,25906,24708,23179,23451,22452,21457,21380,14321,11309,13887,11875,12255,14292,14416,14091,11320,9936,10815,11552,10297,10074
  48 Year,Female,30959,31008,31752,32074,32144,31841,30119,30128,30613,30541,32081,31574,32766,32146,31570,31439,31230,31038,30506,30198,29098,28066,27368,25801,24689,23169,23455,22482,21471,21411,14352,11317,13897,11911,12341,14277,14372,14037,11287,9842,10672,11584,10322,10066,9557
  49 Year,Female,31007,32268,32670,31036,31607,30034,30058,30484,30449,31957,31441,32586,31991,31494,31405,31298,30916,30483,30161,29001,28095,26925,25768,24709,23141,23448,22496,21491,21417,14368,11351,13907,11943,12354,14347,14318,13984,11254,9738,10508,11602,10337,10037,9562,9443
  50 Year,Female,32280,33192,31540,30531,29793,29917,30399,30355,31855,31314,32480,31855,31284,31286,31270,30946,30348,30113,28943,27993,26847,25013,24672,23095,23422,22472,21489,21403,14359,11377,13900,11937,12379,14343,14336,13932,11208,9641,10357,11602,10362,10016,9545,9402,9677
  51 Year,Female,33179,31955,30951,28766,29737,30272,30217,31711,31192,32262,31729,31135,31158,31178,30749,30358,29998,28912,27966,26789,25017,23995,23037,23336,22453,21463,21376,14346,11390,13909,11943,12391,14338,14319,13947,11166,9530,10198,11616,10382,9990,9536,9358,9618,9440
  52 Year,Female,31939,31397,29196,28744,30060,30083,31596,31057,32188,31556,30959,30983,31013,30643,30068,29983,28778,27896,26723,24932,23992,22418,23281,22353,21421,21359,14333,11385,13883,11946,12387,14344,14304,13933,11178,9411,10039,11617,10407,9968,9521,9305,9558,9412,9059
  53 Year,Female,31342,29570,29138,29096,29865,31475,30936,31996,31445,30795,30880,30870,30526,30003,29703,28763,27779,26648,24913,23942,22387,22687,22308,21420,21308,14316,11370,13868,11932,12395,14335,14271,13912,11153,9343,9884,11621,10420,9924,9515,9248,9498,9374,9056,8099
  54 Year,Female,29526,29493,29424,28917,31230,30814,31909,31309,30716,30699,30721,30356,29834,29596,28533,27729,26573,24845,23906,22333,22684,21710,21350,21215,14287,11356,13839,11901,12386,14311,14257,13872,11140,9333,9766,11625,10431,9889,9495,9183,9417,9324,9041,8119,7363
  55 Year,Female,29458,29792,29287,30213,30624,31780,31224,30572,30595,30559,30257,29750,29526,28433,27439,26520,24760,23859,22322,22648,21699,20845,21134,14230,11312,13793,11866,12348,14282,14231,13836,11126,9306,9754,11661,10443,9845,9466,9124,9360,9288,9027,8133,7355,6993
  56 Year,Female,29710,29656,30626,29689,31511,31022,30468,30456,30411,30103,29621,29368,28306,27346,26218,24712,23762,22236,22618,21631,20803,20653,14184,11230,13753,11826,12307,14255,14188,13783,11098,9297,9736,11613,10458,9796,9439,9059,9301,9219,9009,8155,7352,6962,6954
  57 Year,Female,29482,30890,30018,30442,30724,30292,30320,30252,29951,29462,29214,28186,27213,26137,24607,23731,22162,22507,21524,20745,20625,13742,11178,13750,11769,12269,14211,14129,13755,11083,9278,9712,11551,10413,9771,9404,9006,9229,9160,8982,8177,7344,6939,6905,6978
  58 Year,Female,30780,30266,30762,29857,30068,30198,30129,29839,29362,29115,28069,27086,26008,24524,23590,22152,22427,21474,20669,20540,13737,10855,13682,11719,12214,14158,14057,13698,11057,9255,9663,11494,10375,9722,9405,8948,9149,9109,8947,8167,7325,6895,6830,6945,6347
  59 Year,Female,30138,31083,30096,29195,29943,29990,29721,29239,28957,27964,26915,25866,24385,23521,22020,22384,21367,20571,20453,13663,10825,13351,11676,12162,14079,13996,13644,11015,9222,9620,11434,10315,9680,9363,8897,9067,9046,8911,8175,7291,6841,6759,6900,6345,6369
  60 Year,Female,31030,30374,29492,29007,29736,29562,29109,28800,27824,26788,25768,24309,23405,21932,22248,21343,20510,20369,13621,10757,13317,11362,12106,13978,13888,13572,10951,9194,9575,11367,10265,9631,9291,8842,8991,8970,8858,8172,7262,6757,6683,6851,6325,6306,6439
  61 Year,Female,30264,29666,29261,28866,29325,28950,28631,27668,26660,25615,24147,23270,21784,22167,21212,20414,20251,13562,10715,13274,11312,11759,13885,13843,13476,10880,9130,9520,11284,10212,9560,9218,8791,8911,8914,8810,8178,7236,6704,6617,6816,6311,6244,6378,5955
  62 Year,Female,29558,29516,29099,28519,28705,28489,27513,26502,25483,24027,23095,21646,21986,21135,20314,20175,13512,10654,13201,11240,11711,13529,13752,13382,10823,9061,9443,11202,10159,9505,9147,8737,8851,8846,8763,8167,7192,6631,6527,6756,6301,6159,6306,5884,5950
  63 Year,Female,29367,29297,28696,27890,28262,27344,26332,25323,23916,22976,21562,21868,20961,20196,20064,13470,10593,13121,11165,11633,13487,13354,13291,10733,9007,9378,11081,10082,9434,9073,8642,8756,8775,8677,8154,7145,6546,6450,6700,6270,6052,6227,5813,5867,5658
  64 Year,Female,29202,28852,28022,27441,27127,26159,25175,23769,22840,21427,21713,20820,20079,19931,13361,10585,13039,11113,11559,13384,13286,12872,10635,8880,9286,10981,10012,9359,8973,8565,8669,8681,8574,8077,7104,6471,6360,6648,6232,5956,6150,5741,5794,5585,5285
  65 Year,Female,28728,28192,27584,26343,25953,25019,23629,22692,21308,21575,20669,19923,19761,13284,10474,13011,11017,11466,13305,13177,12769,10274,8806,9229,10853,9916,9253,8888,8458,8578,8573,8468,7983,7008,6411,6255,6598,6188,5855,6041,5659,5716,5528,5221,5339
  66 Year,Female,28062,27730,26463,25238,24825,23466,22536,21152,21451,20497,19763,19628,13163,10403,12871,10939,11390,13217,13045,12677,10213,8447,9136,10749,9806,9154,8758,8339,8487,8484,8350,7848,6926,6320,6157,6519,6167,5746,5940,5556,5624,5464,5134,5226,5051
  67 Year,Female,27569,26590,25297,24123,23248,22389,20997,21274,20366,19598,19445,13063,10318,12763,10849,11293,13096,12937,12575,10117,8372,8793,10642,9648,9028,8632,8240,8365,8364,8199,7734,6832,6232,6048,6451,6090,5640,5842,5466,5548,5389,5033,5116,4943,5232
  68 Year,Female,26400,25375,24184,22558,22163,20822,21132,20212,19463,19241,12943,10194,12638,10758,11191,12976,12811,12430,10013,8273,8709,10302,9517,8882,8500,8100,8245,8232,8081,7619,6718,6127,5953,6293,6060,5525,5718,5366,5452,5296,4947,5012,4848,5130,4876
  69 Year,Female,25178,24262,22587,21534,20598,20945,20049,19288,19083,12817,10093,12484,10627,11073,12805,12689,12311,9934,8179,8574,10169,9175,8722,8363,7965,8106,8065,7924,7463,6612,6018,5830,6118,5892,5426,5605,5269,5367,5223,4844,4883,4745,5015,4778,4547
  70 Year,Female,24064,22612,21535,20063,20714,19852,19098,18881,12666,9981,12371,10498,10933,12680,12557,12159,9794,8086,8469,10025,9048,8394,8207,7838,7937,7905,7764,7308,6493,5881,5706,5941,5740,5264,5485,5119,5259,5145,4727,4758,4636,4894,4664,4423,4252
  71 Year,Female,22379,21519,20048,20083,19627,18881,18673,12551,9896,12224,10376,10800,12517,12416,12015,9672,7951,8325,9882,8907,8252,7886,7683,7756,7756,7620,7142,6345,5745,5570,5735,5562,5100,5318,4982,5123,5047,4608,4623,4491,4784,4534,4305,4139,3783
  72 Year,Female,21318,19991,20045,19061,18620,18440,12416,9764,12070,10226,10646,12336,12216,11847,9541,7863,8168,9712,8754,8099,7755,7327,7613,7603,7445,6990,6190,5609,5398,5558,5379,4940,5151,4822,4989,4948,4474,4487,4358,4644,4414,4174,3994,3655,3609
  73 Year,Female,19759,20003,18961,18090,18160,12264,9630,11885,10116,10510,12153,12016,11649,9369,7734,8047,9494,8575,7921,7578,7182,7264,7425,7289,6815,6046,5470,5259,5344,5193,4760,4969,4642,4787,4867,4339,4363,4230,4497,4290,4027,3851,3526,3484,3088
  74 Year,Female,19743,18916,17957,17692,12068,9456,11700,9950,10357,11911,11831,11433,9209,7626,7884,9330,8392,7749,7421,7029,7099,7076,7093,6651,5873,5339,5103,5133,4986,4548,4766,4453,4576,4664,4211,4209,4086,4349,4154,3893,3710,3398,3336,2977,2814
  75 Year,Female,18661,17845,17537,11715,9287,11511,9776,10189,11693,11618,11228,9035,7465,7728,9140,8192,7560,7255,6853,6910,6923,6291,6434,5691,5186,4947,4909,4769,4364,4569,4245,4381,4458,4038,4043,na,na,na,na,na,na,na,na,na,2514
  76 Year,Female,17532,17337,11556,8999,11266,9601,9996,11475,11368,10994,8830,7280,7553,8906,7973,7357,7047,6642,6728,6718,6235,5667,5494,5002,4748,4707,4553,4173,4343,4032,4160,4224,3855,3866,3812,na,na,na,na,na,na,na,na,na,2368
  77 Year,Female,17039,11395,8875,10911,9402,9784,11231,11132,10768,8611,7137,7356,8694,7774,7142,6855,6453,6523,6509,6080,5607,4836,4830,4588,4476,4307,3978,4119,3830,3937,4003,3643,3664,3637,3904,na,na,na,na,na,na,na,na,na,2126
  78 Year,Female,11166,8736,10715,9109,9580,10967,10853,10468,8405,6933,7148,8459,7548,6931,6677,6255,6310,6283,5883,5463,4753,4154,4403,4317,4074,3767,3896,3606,3714,3762,3458,3451,3416,3668,3585,na,na,na,na,na,na,na,na,na,1882
  79 Year,Female,8506,10524,8906,9248,10682,10536,10183,8165,6745,6929,8198,7325,6700,6447,6032,6086,6042,5659,5261,4618,4087,3803,4176,3928,3556,3663,3379,3478,3531,3255,3244,3178,3422,3388,3093,na,na,na,na,na,na,na,na,na,1680
  80 Year,Female,10203,8690,9019,10263,10217,9919,7933,6529,6700,7915,7063,6492,6202,5823,5848,5791,5428,5045,4432,3943,3735,3925,3756,3392,3461,3177,3276,3283,3068,3046,2959,3161,3164,2890,2802,na,na,na,na,na,na,na,na,na,1432
  81 Year,Female,8425,8755,9987,9802,9589,7656,6302,6492,7613,6787,6254,5984,5589,5607,5537,5215,4823,4209,3756,3578,3733,3515,3256,3305,2952,3046,3045,2823,2845,2775,2934,2948,2682,2604,2329,na,na,na,na,na,na,na,na,na,1164
  82 Year,Female,8429,9650,9499,9145,7347,6066,6213,7310,6523,5979,5694,5329,5358,5292,4964,4629,3996,3603,3414,3550,3301,3004,3135,2803,2816,2814,2620,2618,2569,2704,2731,2478,2389,2134,2127,na,na,na,na,na,na,na,na,na,995
  83 Year,Female,9231,9072,8753,6987,5786,5970,6966,6216,5698,5412,5066,5096,5020,4699,4388,3801,3387,3227,3312,3121,2825,2896,2642,2666,2597,2401,2419,2343,2462,2493,2272,2196,1969,1942,1843,na,na,na,na,na,na,na,na,na,797
  84 Year,Female,8662,8347,6660,5472,5688,6605,5910,5394,5138,4760,4826,4726,4450,4166,3570,3189,3048,3123,2928,2641,2708,2425,2495,2422,2178,2197,2121,2251,2245,2063,1999,1791,1752,1655,1397,na,na,na,na,na,na,na,na,na,682
